subscription_ID,order_creation_date,actual_delivery_time,monthly_payment,term,Order Value
e65fa29f-7fe6-495d-a4eb-8cf9dd40953d,9/1/19 22:40,9/6/19,$30 ,12,$360 
627eb7f4-8c8c-46a9-9429-ea2781e2dacd,9/1/19 22:52,9/5/19,$62 ,3,$186 
55d19f62-2fff-457f-a2ae-c347d94501c9,9/2/19 1:52,9/7/19,$70 ,8,$560 
24410eb3-f14e-40d2-ae45-2cf7682b8869,9/2/19 20:17,9/7/19,$15 ,12,$180 
fc2df473-2330-4bad-b7d6-d3dc082bc3ee,9/3/19 17:05,9/6/19,$15 ,12,$180 
9ddadebd-33ed-40d8-b4a0-2324974856dd,9/3/19 19:17,9/6/19,$296 ,24,"$7,104 "
999b048a-538f-4fb3-893c-689f87ffd4aa,9/3/19 20:55,9/6/19,$206 ,24,"$4,944 "
6408b7a9-aabf-4f06-9a54-225998f4d132,9/3/19 23:12,9/6/19,$212 ,24,"$5,088 "
5070d87f-aaaa-4a55-b0ca-1b5289aee15a,9/4/19 0:33,9/6/19,$129 ,24,"$3,096 "
f2560db3-4b0c-45e2-b583-62b0eca934f0,9/4/19 5:02,9/7/19,$34 ,11,$374 
746afad4-ead3-4fca-9204-608905becf2a,9/4/19 19:07,9/10/19,$48 ,12,$576 
15dc6a3e-65dd-435f-8a6c-8c1c15210664,9/4/19 22:25,9/9/19,$204 ,24,"$4,896 "
97fcb02b-9787-41e4-9aa9-927c25666472,9/5/19 5:37,9/10/19,$139 ,12,"$1,668 "
be13a623-9eb0-4385-97f7-9e1bafd1aa82,9/5/19 12:56,9/10/19,$30 ,12,$360 
386f41a2-8ff2-4957-9c56-6fd04a40f9aa,9/5/19 19:40,9/14/19,$27 ,12,$324 
1e164e93-4a3a-432e-90a7-663da9262857,9/6/19 16:18,9/10/19,$0 ,9,$0 
ba29965d-b4af-4043-90dc-1c8755c02b79,9/6/19 20:10,9/16/19,"$2,451 ",2,"$4,902 "
7f096eb4-5514-4340-b5a7-49089421f5d2,9/6/19 21:27,9/12/19,$219 ,24,"$5,256 "
1ff0fae1-caee-4e53-9b36-0f77d883eff5,9/6/19 22:06,9/12/19,$221 ,24,"$5,304 "
c8d27a8f-fb44-496b-8f6b-0c2d2c7b0ee4,9/6/19 23:26,9/12/19,$155 ,24,"$3,720 "
dfeefec7-8426-42eb-b164-3f3137cae14a,9/7/19 2:51,9/12/19,$259 ,24,"$6,216 "
bcb13b8a-ce57-4a3a-9bab-76b1a0da4996,9/7/19 20:03,9/11/19,$70 ,12,$840 
bb839c22-842d-41e8-bdcd-25a1dbab76b2,9/7/19 23:53,9/14/19,$68 ,13,$884 
4e4f49e4-72b5-48ce-a477-34892af1e596,9/8/19 0:09,9/14/19,$68 ,12,$816 
5213eafb-108d-474a-a16a-9df7788af052,9/8/19 17:38,9/11/19,$86 ,12,"$1,032 "
3933c118-cd09-4b79-9e9c-b2685d54707d,9/9/19 0:18,9/23/19,$58 ,10,$580 
55da926d-9cbb-4980-81fd-314ee8b5d030,9/9/19 14:43,9/12/19,$8 ,12,$96 
89643eec-9253-411a-a926-5da0e52d3cc9,9/9/19 23:59,9/12/19,$290 ,24,"$6,960 "
7803be98-4784-4249-81cd-4bdd7b5eb9fb,9/10/19 6:23,9/12/19,$122 ,24,"$2,928 "
be38b63b-b47c-44b5-9130-6ae9151ba895,9/10/19 20:08,9/13/19,$265 ,24,"$6,360 "
686b2df3-9fbe-4325-9002-237bde17338d,9/10/19 22:43,10/10/19,$23 ,12,$276 
cd3c26dc-f9b4-4998-b5c9-2e227ecbece2,9/10/19 22:55,9/13/19,$355 ,24,"$8,520 "
dba388ca-ac80-40b3-9ece-001c8ee5362a,9/11/19 18:36,9/17/19,$39 ,10,$390 
4ff34a42-1f75-47bf-9729-167efc1ff4d1,9/12/19 4:25,9/18/19,$33 ,12,$396 
c8434555-a853-45ff-89d3-2a9b1525b135,9/12/19 21:25,9/16/19,$60 ,12,$720 
831d87cd-c9cc-4160-88e6-d30a86e3aafc,9/14/19 1:17,9/19/19,$60 ,12,$720 
d5e69ce3-8b02-4182-8aac-38e6173cf7bb,9/15/19 1:57,9/19/19,"$1,017 ",1,"$1,017 "
99f2acea-f087-47aa-a009-00c440f2cc0a,9/16/19 2:20,9/19/19,$10 ,12,$120 
54c46e90-b776-4e47-a390-d2c08aa0812f,9/16/19 21:12,9/19/19,$243 ,24,"$5,832 "
5babb609-46a6-4d3e-a0fc-a3529c8491b5,9/16/19 21:53,9/19/19,$178 ,24,"$4,272 "
541e1f77-f9c0-42a7-83f9-bdc71cca349c,9/16/19 22:39,9/20/19,$172 ,24,"$4,128 "
697fefcc-06fa-41da-b965-9942bba7a8dc,9/18/19 22:39,9/23/19,$213 ,24,"$5,112 "
fc1f6c08-2d50-41e0-acef-6179916d179a,9/19/19 3:44,9/23/19,$30 ,15,$450 
b61cf9ae-ebfd-4a0d-a2bc-a5298bf31e5d,9/19/19 4:44,9/23/19,$23 ,12,$276 
c7c150b8-1875-4434-8e47-2d48a02b33e9,9/19/19 16:28,9/23/19,$33 ,12,$396 
de371389-2c73-43d9-8e53-fee6ca0391df,9/19/19 20:48,9/24/19,$217 ,12,"$2,604 "
0dfdf278-97ed-4b03-b4da-e80ee4a9fedb,9/20/19 20:17,9/24/19,$44 ,3,$132 
1279acb4-58fa-4cd7-9b15-d0639be2b123,9/21/19 1:43,12/22/19,$110 ,12,"$1,320 "
5a03c6f1-6e11-40c3-af07-979f82997575,9/21/19 23:53,2/26/20,$23 ,12,$276 
7fd57a2f-a8b2-40a8-aa61-c616a85281be,9/22/19 4:23,9/25/19,$64 ,8,$512 
6c8bf6c2-bbba-4c79-a8b8-e858f50677cd,9/22/19 19:16,11/21/19,$69 ,12,$828 
3a835d91-0788-44c9-9fde-871f696446ff,9/23/19 1:59,9/25/19,$197 ,12,"$2,364 "
1be48d0b-d4e0-4582-8b0b-0cdb7fa9f4c6,9/23/19 4:25,,$60 ,12,$720 
11185b48-c3d6-490a-97f3-f47332704645,9/23/19 17:40,,$55 ,12,$660 
26e0bd7a-9b4a-4cae-9a1c-5c2f381d0fc8,9/23/19 21:06,9/28/19,$127 ,12,"$1,524 "
69379a25-8261-4bfb-b5af-c0a4f8cf5bc5,9/23/19 21:15,,$78 ,4,$312 
d80cb0a3-2a69-4469-a27a-d9bca2e41c7c,9/24/19 17:21,,$20 ,8,$160 
7617e290-bf8d-4d50-a8b9-e01f769776bd,9/25/19 4:26,9/27/19,$23 ,12,$276 
86eddc4a-9287-4ad2-9073-f1c37634ba90,9/25/19 20:54,9/27/19,$284 ,24,"$6,816 "
f48f701b-a71d-4cc5-8e7d-c75ae7f6dfa5,9/26/19 7:30,,$27 ,12,$324 
96efb0bd-ca2d-407f-84fc-15594b2883ea,9/26/19 20:03,10/3/19,$181 ,24,"$4,344 "
53d65b17-5a5c-44a3-9125-224483478c94,9/27/19 5:26,,$25 ,12,$300 
9b61e074-88eb-4bde-9c25-8b745417d222,9/27/19 16:52,10/2/19,$252 ,24,"$6,048 "
aeed7df1-defe-4b46-96dd-9ccec8d87f86,9/27/19 22:00,10/2/19,$285 ,24,"$6,840 "
2c5a1f2c-1d66-4aad-8128-e469d8a4b294,9/29/19 2:49,,$44 ,9,$396 
ce86139a-2ecb-4fc9-919c-f2fbc532d3dd,9/29/19 3:59,10/2/19,$282 ,24,"$6,768 "
74ee6df6-5bf6-48e1-8246-7f777b9219a0,9/30/19 3:19,,$32 ,12,$384 
71643289-0328-4ad1-adcd-c56cff098017,9/30/19 5:38,,$98 ,12,"$1,176 "
5db86dfc-858b-402b-84d6-9cde7c4c721c,9/30/19 16:33,,$112 ,12,"$1,344 "
f17e291d-5a7d-4a9d-b44b-85400704fd67,9/30/19 22:38,10/3/19,$311 ,24,"$7,462 "
783160db-f62c-44ec-b5d3-fdd5011633cd,10/1/19 0:24,10/3/19,$198 ,24,"$4,740 "
4629e67b-0bd2-4ddb-bacc-b03201ead548,10/1/19 0:33,10/3/19,$244 ,24,"$5,844 "
25374cb8-5e2e-44bd-9e99-02c7046d79a4,10/1/19 4:49,,$71 ,12,$852 
f73ff538-ec95-43d6-93c1-2d861e503d86,10/1/19 14:10,,$297 ,1,$297 
b9cd300e-230b-4100-b83b-4c662a2875f9,10/1/19 19:08,10/8/19,$28 ,10,$280 
1d1c7bee-1dfe-4cc4-9863-b3e4d587970a,10/1/19 20:54,10/4/19,$217 ,24,"$5,196 "
97831bac-6c36-45c8-b673-1f45213c6616,10/1/19 21:20,,$330 ,1,$330 
0f84ef1b-e3ce-4c43-8aee-c8b99dc97075,10/1/19 22:17,10/4/19,$202 ,24,"$4,836 "
8695eabf-7b18-4441-a165-00613d74a27a,10/1/19 23:55,10/4/19,$173 ,24,"$4,140 "
ec0c68d6-c081-4a7a-9897-aa654e1ab74a,10/2/19 6:00,,$30 ,10,$300 
653c1b3f-4e97-4149-8ea1-388961ade567,10/2/19 7:56,10/5/19,$191 ,12,"$2,292 "
08be5364-41c1-42b5-8e7f-118f7d343375,10/2/19 17:21,10/7/19,$251 ,12,"$3,012 "
0e762823-5e2f-4b09-a381-89583e8d9f54,10/2/19 23:15,10/7/19,$330 ,24,"$7,915 "
3baddb1c-d454-4a15-b0aa-14a5bf6a1eae,10/3/19 0:00,10/7/19,$317 ,24,"$7,606 "
4cd031f5-4882-4479-b77d-be2dce7217e7,10/3/19 20:42,10/8/19,$154 ,24,"$3,696 "
9e4129c3-0976-4b2a-95a3-05c636aae788,10/3/19 21:03,10/8/19,$183 ,24,"$4,392 "
060ace88-8ecf-4605-bb74-4a4b4be903cd,10/3/19 23:04,10/8/19,$212 ,24,"$5,076 "
d8011ac4-7ac1-46c1-aa14-890be0f17071,10/3/19 23:23,,$60 ,24,"$1,440 "
a7427fdd-ec01-45cc-b2d7-3fbffae1365a,10/3/19 23:29,,$23 ,12,$276 
65ed3247-1105-44e2-bfc3-d820a8786161,10/4/19 1:18,10/8/19,$153 ,24,"$3,672 "
c196669e-3e9e-4035-a523-fd606dbb70ef,10/4/19 6:25,10/12/19,$185 ,12,"$2,220 "
923b064a-119d-4c04-a3a3-2c975ac9197e,10/4/19 20:27,10/15/19,$27 ,12,$324 
5d655a3c-016b-4a8d-afdb-170a7f2d3aee,10/5/19 0:46,10/9/19,$12 ,12,$144 
aef48188-5cf1-4f53-b89f-941babada78b,10/5/19 21:08,10/9/19,$389 ,24,"$9,336 "
9f50fafd-88bd-40a2-b7fc-bc6c0b05c2a3,10/5/19 22:19,10/9/19,$308 ,24,"$7,392 "
1d673a89-7f83-475f-8024-f0bd87fb5e40,10/6/19 15:23,10/9/19,$49 ,12,$588 
9a540318-10bd-40f4-b5ce-6182b7787687,10/6/19 19:52,10/9/19,$16 ,12,$192 
468ce47d-9e4b-4918-9c86-eedb6795daa6,10/7/19 0:03,10/9/19,$339 ,1,$339 
1ddcbcbe-f1b3-4d69-adb9-5b6b36243cb4,10/7/19 17:29,10/11/19,$166 ,10,"$1,660 "
67b4d30b-b897-414d-9bd3-469b5b802522,10/8/19 18:18,10/11/19,$108 ,10,"$1,080 "
1853bab9-b007-4352-98f0-cec1a041643b,10/8/19 19:12,10/11/19,$119 ,12,"$1,428 "
5bf2bc55-9ac9-45b9-b9ca-24b477b81ffe,10/8/19 19:45,10/11/19,$69 ,12,$828 
2360ec15-e275-411f-8d30-00e60b4c4af9,10/8/19 20:54,10/11/19,$337 ,24,"$8,086 "
0a4826bc-0041-4f22-9615-337ca93c61ac,10/8/19 23:16,10/11/19,$247 ,24,"$5,938 "
eeafd71f-2090-466e-85f5-03740de3504a,10/9/19 0:43,10/16/19,$85 ,12,"$1,020 "
7300d11b-1e83-422c-aa84-cf9543070036,10/9/19 17:03,10/15/19,$299 ,24,"$7,176 "
3a3176e9-493f-4ccc-b764-ec6bcd566aaf,10/9/19 22:06,10/12/19,$32 ,12,$384 
37232ac0-fe2f-4dc0-b8e4-2278a4f42369,10/10/19 10:20,,$78 ,12,$936 
5a94de6c-5ca9-4d4f-a961-201600e0337f,10/10/19 20:43,10/16/19,$248 ,24,"$5,947 "
42a423d3-d4f9-4b27-b5b6-aa2887816acb,10/11/19 12:53,,$246 ,2,$492 
2d07beb7-e760-4b51-8ea6-4e267523e1a3,10/12/19 6:33,10/17/19,$32 ,12,$384 
c7d2956f-e8a9-4165-9d75-dcc8001c5a58,10/12/19 21:43,10/16/19,$98 ,12,"$1,176 "
8f56070e-61fd-4d46-a25c-a8957eb61115,10/12/19 22:06,10/16/19,$213 ,24,"$5,100 "
42f50c50-9d60-4c1a-86c2-0a5d9a6941f1,10/13/19 3:38,10/17/19,$402 ,24,"$9,658 "
1db787dd-e450-4548-9c5c-f89ccc44935c,10/13/19 7:09,10/15/19,$51 ,24,"$1,224 "
04b00547-531e-40a9-8bf3-bf7bc2e795bf,10/13/19 19:29,10/17/19,$69 ,12,$828 
0ad7e5a3-ec8b-4fd6-8f92-fdfe531d2958,10/13/19 23:16,3/6/20,$129 ,24,"$3,096 "
6157a46b-9e85-4106-94fb-8717dff1a453,10/14/19 0:59,,$178 ,12,"$2,136 "
83356a99-f1fe-4431-b699-bde392ad339c,10/14/19 18:34,10/24/19,$331 ,24,"$7,944 "
ee8cf584-a804-40be-b36a-f6034a770c50,10/14/19 20:23,10/17/19,$50 ,24,"$1,200 "
22aa7d1b-decb-4ecf-912b-06f26973896a,10/14/19 23:09,10/18/19,$282 ,24,"$6,766 "
9eb83c69-7232-4585-a950-764f453dd532,10/15/19 20:01,10/18/19,$669 ,6,"$4,014 "
572fcf43-0f9f-41e8-9222-74f0545f2969,10/15/19 22:51,10/19/19,$76 ,12,$912 
52942a1c-0e3a-4dd4-ae7a-92e760554572,10/16/19 5:36,10/22/19,$271 ,24,"$6,504 "
37b3e9ed-a795-4904-a6c7-1586827de969,10/16/19 15:59,10/26/19,$323 ,12,"$3,876 "
f0af8a43-4480-4c07-abdc-d73c2224ff44,10/16/19 16:59,10/23/19,$184 ,12,"$2,208 "
96a20c48-f9f1-40e0-ab10-f039b5fa56ad,10/16/19 18:43,10/19/19,$72 ,24,"$1,728 "
bd6223da-eaca-4bf4-b0d8-ce48a5a37365,10/16/19 21:43,10/21/19,$290 ,24,"$6,960 "
164f0bca-323c-41fb-9983-4fdae187d11a,10/17/19 19:52,10/28/19,$320 ,24,"$7,678 "
c95b3c29-f8a0-4060-8d14-13d95451caf9,10/17/19 23:46,10/22/19,$273 ,24,"$6,550 "
f4b1543f-972f-4ab1-a96b-20d7c878f96f,10/18/19 5:01,,$181 ,12,"$2,172 "
37798698-64fe-49fb-bd36-f177a1101707,10/18/19 19:17,10/23/19,$305 ,12,"$3,660 "
1d507381-169d-4f20-b548-c15c39245837,10/18/19 19:39,10/24/19,$50 ,12,$600 
0886ae82-fdf4-4b4a-8fda-3fcab152db4a,10/19/19 0:54,10/29/19,$38 ,12,$456 
f8e769ca-ca06-4656-99b6-b5605fee3638,10/20/19 0:39,10/29/19,$19 ,12,$228 
b5bb900b-2d77-4b68-9801-33b94ce8bc85,10/20/19 1:12,,$69 ,12,$828 
26629c3f-6bc0-456b-8c6d-e89bec3bcdb5,10/20/19 1:59,10/30/19,$79 ,6,$474 
5c992889-2068-4cdc-9ca9-f107ba71d253,10/20/19 20:26,,$78 ,7,$546 
d2d4c623-d916-4301-8b6d-89d4bc939752,10/21/19 0:44,10/26/19,$34 ,12,$408 
d553ee28-8ad5-4c82-b9f1-281df82eac76,10/21/19 1:40,11/2/19,$338 ,12,"$4,056 "
8bb3a0bd-36b3-4595-864c-8995c779fab9,10/21/19 7:23,10/24/19,$109 ,12,"$1,308 "
c5afbf13-a33d-43a3-9ac3-c9742cf65f11,10/21/19 20:35,10/24/19,$20 ,12,$240 
d44ff635-d173-4880-8c49-bbacd9ad0b8e,10/21/19 22:51,10/24/19,$55 ,12,$660 
b88168dc-3072-478e-96a5-121258375db9,10/22/19 1:14,10/24/19,$320 ,24,"$7,678 "
c87f30c3-ac70-49e7-bcbb-1bc62885b2df,10/22/19 1:14,10/28/19,$225 ,24,"$5,388 "
1282a7c8-8ae4-4108-a939-c8e87cb38fda,10/22/19 1:52,10/26/19,$100 ,12,"$1,200 "
a93da5dd-cb0d-41c4-a0c1-511a8e62f7dd,10/22/19 2:42,10/28/19,$334 ,24,"$8,016 "
0e918d02-df98-4509-8a96-172e12552b31,10/22/19 6:57,11/12/19,$70 ,20,"$1,400 "
c0d94fef-2174-4dd0-b153-5862cc877307,10/22/19 14:10,10/28/19,$293 ,24,"$7,032 "
baf29e31-a78b-40b4-892e-a69b1dd482ec,10/23/19 17:18,11/2/19,$82 ,6,$492 
7a50b918-e505-407b-ae9a-1e96c6682597,10/23/19 19:56,12/3/19,$79 ,10,$790 
ed50faa2-abb3-4b6f-82c0-566f68b00574,10/23/19 22:52,,$25 ,11,$275 
a871a79d-5fad-408b-9e83-38658511ba53,10/24/19 1:33,,$23 ,12,$276 
1b241424-19fb-4cce-944b-ae035a2f1107,10/24/19 17:16,,$471 ,6,"$2,826 "
6ee132df-83b8-4789-a03d-da952654d046,10/25/19 19:26,10/31/19,$268 ,12,"$3,216 "
f4fed02a-5f9a-4e30-9c52-6692e9c68a88,10/26/19 22:23,11/1/19,$82 ,12,$984 
09bf19ca-f866-489f-896a-ddf0084fe0ee,10/27/19 2:17,10/30/19,$74 ,12,$888 
02c0ed38-619e-45b2-8d3e-557b199c73fe,10/27/19 3:50,10/30/19,$49 ,12,$588 
b9d3dfd2-f506-4cdc-b9c5-0ea023a35829,10/28/19 5:04,,$37 ,12,$444 
d209a5a5-bcd0-4a97-8d70-9b440b436f77,10/28/19 19:39,11/1/19,$38 ,12,$456 
2fc42eb6-a8f7-4fcd-ad7d-e2921593bac8,10/29/19 0:18,10/31/19,$77 ,12,$924 
1ce24cd2-8670-4c98-9289-faa3946be835,10/29/19 2:16,11/2/19,$191 ,10,"$1,910 "
6e37007a-dc64-492d-b762-f9f686518b2c,10/29/19 2:47,11/14/19,$86 ,12,"$1,032 "
2b274a47-878e-4305-966a-6cf42f65fb89,10/29/19 5:04,11/6/19,$59 ,12,$708 
dc47af2c-027b-4062-b67f-8edaa64e0a97,10/29/19 5:34,,$17 ,12,$204 
1cc06141-c76a-4027-ba6d-5ad344f623f1,10/29/19 18:44,11/1/19,$125 ,12,"$1,500 "
5fdf6580-d454-4c2b-9d94-a63a511169e8,10/29/19 20:09,11/2/19,$204 ,24,"$4,906 "
20d5d74e-4965-444c-bbe1-1fb78efb5b45,10/29/19 22:48,,$27 ,24,$648 
023729c4-c643-4501-9b74-55d411755b61,10/29/19 23:40,11/1/19,$204 ,24,"$4,906 "
cc2fc7e7-f9a1-4b1d-beb6-ddc7bf14b54c,10/30/19 15:50,10/31/19,$33 ,12,$396 
f12ba0ff-ddb4-4eed-8d80-7411ecbe502d,10/30/19 18:09,11/2/19,$163 ,3,$489 
279f8d60-1ae9-48b7-8081-d47188c07fdf,10/31/19 5:32,11/2/19,$22 ,12,$264 
65dc13c6-e4e6-43c4-a180-a155c47e3210,10/31/19 6:14,12/4/19,$42 ,9,$378 
bd57767e-2294-44be-8fed-cfb74eea31db,10/31/19 19:13,11/5/19,$108 ,12,"$1,296 "
d7b7f486-92ca-41a6-ac99-61bbca77d58a,10/31/19 20:53,11/5/19,$193 ,24,"$4,620 "
40f39e7c-85aa-4fdc-8a45-ad2b7183a97c,11/1/19 3:43,11/5/19,$199 ,7,"$1,393 "
b20f8905-a3d3-4645-9393-fdcb3c4287b1,11/1/19 23:09,11/5/19,$185 ,24,"$4,450 "
241f7c8b-a5c9-491b-9dfb-90d860d3146c,11/2/19 0:35,11/8/19,$144 ,12,"$1,728 "
403bcb2b-71bb-46f6-a238-ef982a824b41,11/2/19 6:50,,$130 ,12,"$1,560 "
5bafc8d3-705a-44e3-b482-8c813f654027,11/2/19 20:05,11/6/19,$104 ,12,"$1,248 "
6aafb799-57a4-4260-9377-93a43256ffbe,11/3/19 0:31,11/6/19,$50 ,12,$600 
65808049-af3c-4812-9b25-f8db180ae505,11/3/19 1:59,11/9/19,$91 ,10,$910 
abd4517a-4f58-44f1-90dd-b2d0ac429b36,11/3/19 5:25,11/6/19,$79 ,24,"$1,896 "
f6b16d0e-7350-4172-96b2-a56cd2f93d6d,11/4/19 20:56,11/8/19,$26 ,12,$312 
d29a602b-e67a-4530-8d0f-d29f5d6becfd,11/5/19 1:12,,$317 ,12,"$3,804 "
291f671e-44d0-487e-824c-ede41d71c4e3,11/5/19 4:13,,$181 ,3,$543 
424ce2ca-5fbf-465e-912d-41997d8a0ba2,11/5/19 4:46,11/12/19,$261 ,12,"$3,132 "
3160ddc3-d1ba-41fd-9550-d9268cd31743,11/5/19 22:14,11/13/19,$89 ,12,"$1,068 "
61878397-9555-4284-8245-51aa1e4a7f21,11/5/19 22:48,11/9/19,$208 ,24,"$4,980 "
e01ff991-c58d-408e-a071-69217eec5641,11/6/19 15:33,11/9/19,$25 ,12,$300 
f8054afb-69e8-43dd-8cfb-c5b5e7654b39,11/7/19 2:52,11/9/19,$144 ,12,"$1,728 "
525ff34a-989a-4fda-8732-7d9aea1bf00a,11/7/19 12:44,,$21 ,9,$189 
5a6045c3-c4d8-4567-8ed1-619a07d6d10c,11/8/19 0:21,11/16/19,$29 ,12,$348 
e0e965a2-0b7e-4f1f-b442-603c39db96cd,11/9/19 15:44,11/30/19,$46 ,12,$552 
8d1133e1-b5ec-4f5d-970f-096fe3e67c4f,11/9/19 19:43,11/14/19,$45 ,6,$270 
957d587f-8a8d-4194-b2c9-b7cfd7406bbc,11/10/19 18:56,11/15/19,$145 ,12,"$1,740 "
b74f54f4-45b9-4eac-9d93-f05c58bbe4d6,11/11/19 2:20,11/15/19,$154 ,24,"$3,696 "
08a78cc0-23db-4a30-ba47-4e76b88b5ace,11/11/19 4:14,11/14/19,$46 ,12,$552 
31edde0b-9a6e-4e91-a7f1-6793f7c54220,11/11/19 9:09,11/13/19,$233 ,9,"$2,097 "
8e26ba09-8b8f-455f-a724-a30e23dc5e14,11/12/19 0:17,11/16/19,$140 ,13,"$1,820 "
9f84309a-9575-4dd6-a91e-1365e5bf1cbc,11/12/19 11:42,11/15/19,$59 ,12,$708 
665e0d1f-3b6f-428a-9705-f78203f938ae,11/12/19 14:52,11/15/19,$42 ,12,$504 
8ec2b486-81a7-496d-ba33-59d90028c57f,11/12/19 23:11,,$144 ,6,$864 
529432bc-169b-4afe-8f0e-56ffe25b78ea,11/14/19 4:34,,$100 ,12,"$1,200 "
48d548bd-aea0-41ef-a77c-3c19819f9cb0,11/15/19 16:45,12/7/19,$108 ,12,"$1,296 "
d27ddfc9-678a-46c1-a7fa-5394d79cb652,11/16/19 1:10,12/4/19,$51 ,12,$612 
0f147ae6-eaac-4c5f-bed9-aacf212b90d3,11/16/19 2:03,11/20/19,$57 ,10,$570 
c9a9b001-de2e-4043-8817-1e08e3c53f58,11/16/19 3:30,,$32 ,12,$384 
eb48599b-4ef7-479b-b7f0-2df170f0d513,11/16/19 5:18,11/26/19,$63 ,15,$945 
0bdbf1e3-4688-49d5-83be-b65f05a3155c,11/16/19 6:28,11/19/19,$76 ,7,$532 
fd5a622c-eb09-45ff-9315-6e5b0308c506,11/16/19 17:41,11/30/19,$159 ,12,"$1,908 "
1a4b6151-1f66-4406-b648-788e677ed4d6,11/16/19 18:09,11/20/19,$25 ,12,$300 
3bf08f52-927e-4f69-b655-a7ed193e12f4,11/16/19 19:11,11/22/19,$115 ,12,"$1,380 "
84cc55a8-4248-454c-8e00-58840bf242dc,11/17/19 0:47,11/20/19,$183 ,12,"$2,196 "
008576a8-cfc4-409e-affd-db97a00266b8,11/17/19 10:08,11/21/19,$34 ,12,$408 
1bf49121-8e71-429a-a972-138d1def0f40,11/18/19 0:37,11/20/19,$169 ,24,"$4,056 "
9691c3cf-bfe3-48cc-9982-22022bc5e81c,11/18/19 1:35,,$85 ,12,"$1,020 "
6ef21647-7ca3-49aa-b654-d163d50b9db1,11/18/19 5:36,11/21/19,$66 ,18,"$1,188 "
48e238c3-32ed-4468-aa81-cc053a077491,11/18/19 15:41,12/19/19,$156 ,12,"$1,872 "
5a40d1f7-7475-4939-b553-ce659185c4e5,11/18/19 19:00,11/25/19,$146 ,12,"$1,752 "
46597ebd-7c96-46c8-a7f3-80145aaa8d04,11/19/19 4:19,11/21/19,$92 ,3,$276 
79c367d1-d52d-4f86-89de-0b5abae8c7c7,11/19/19 19:26,11/22/19,$198 ,12,"$2,376 "
c538ccb8-4aab-47da-b77f-c2d7e9cc12b3,11/20/19 2:10,11/22/19,$78 ,12,$936 
3dd24f19-98ee-4373-9ab0-837c72769ee4,11/20/19 4:49,12/3/19,$276 ,6,"$1,656 "
1a3d31c2-6bd4-49a1-98cd-4c7f175ab82e,11/20/19 19:43,11/23/19,$24 ,12,$288 
e2cfed9a-2293-4dfc-ad00-f3ff0a330977,11/20/19 21:09,11/26/19,$163 ,24,"$3,912 "
1834f764-bd2b-4849-967b-e26d84cc2038,11/20/19 22:58,12/20/19,$295 ,24,"$7,078 "
c2f25af7-0aaa-4849-970e-6929db574859,11/21/19 0:29,11/26/19,$226 ,24,"$5,434 "
8d12e158-c547-4281-ba4a-797fe3fb21df,11/21/19 2:51,11/26/19,$268 ,24,"$6,427 "
f0539ae1-d9a7-4d20-b3bf-d6d6fe184427,11/21/19 2:57,11/26/19,$71 ,12,$852 
8ddb9f29-29b6-4e66-acb6-be23a172c387,11/21/19 17:16,11/23/19,$246 ,24,"$5,904 "
5b0a2018-cb57-4728-934b-e0c4a3940c76,11/21/19 21:36,11/26/19,$85 ,12,"$1,020 "
d9ffd921-0ce1-47da-927a-3b6534d5e945,11/21/19 22:43,11/26/19,$116 ,12,"$1,392 "
22c8c8e7-85b4-4795-a7de-73181a6a543e,11/22/19 4:08,11/26/19,$77 ,24,"$1,848 "
e4b767e1-aa41-48be-8c05-6af85c03f767,11/22/19 18:21,11/27/19,$194 ,12,"$2,328 "
f8f680e1-41bc-454c-9c49-7d3c0bb1e809,11/22/19 20:22,11/27/19,$57 ,18,"$1,026 "
8aa4ba4a-cfa6-45e7-ba72-3a0f74ca44c5,11/22/19 21:32,11/30/19,$30 ,12,$360 
97b98b6c-aef7-4edb-bf66-d393fb08197b,11/23/19 18:10,11/27/19,$205 ,18,"$3,690 "
91d21881-43f9-4242-80bd-63fb75aca746,11/24/19 4:06,11/27/19,$35 ,24,$840 
ec9a19ef-97bd-4899-b24a-66993942bf23,11/24/19 19:32,11/27/19,$178 ,10,"$1,780 "
3d8f6d5a-dc48-4339-8ece-171de28fb2f2,11/24/19 19:49,11/27/19,$45 ,12,$540 
66cfd89f-f4f1-4a34-b83a-83407689ddb2,11/24/19 22:38,12/21/19,$52 ,13,$676 
9e3673d2-7740-4922-86f9-653204988bec,11/25/19 3:23,12/2/19,$23 ,24,$552 
934be681-b793-43de-aa86-740c26b6cebf,11/25/19 6:29,12/17/19,$379 ,3,"$1,137 "
7e66e407-71df-4fad-8239-427592545097,11/26/19 0:51,11/29/19,$21 ,24,$504 
0295392c-4a9b-4407-82a4-bb58c31ce2c2,11/26/19 2:44,11/30/19,$146 ,12,"$1,752 "
8f0561a5-ea58-419e-9e71-ba0eeabfb2cc,11/26/19 9:54,11/30/19,$63 ,24,"$1,512 "
e4eb5ab9-fdf1-479a-9ac4-79bfbdb16070,11/26/19 19:37,11/30/19,$20 ,12,$240 
baaefc27-63d2-4305-a9fc-0e23a7343b68,11/27/19 2:07,12/7/19,$112 ,12,"$1,344 "
0e876e71-21be-402e-80e7-052b12575786,11/27/19 7:17,12/5/19,$69 ,15,"$1,035 "
45d089da-1d2c-40e9-bd8f-0c44e6212216,11/27/19 11:15,12/3/19,$94 ,12,"$1,128 "
b906f19c-9410-4d93-a732-81adbc2c15ba,11/27/19 19:12,12/4/19,$149 ,12,"$1,788 "
1709c770-e360-4b38-a4e5-896787fc2be8,11/27/19 21:16,12/4/19,$60 ,12,$720 
247b8766-aae7-46d3-89e2-b9c36a5d48d6,11/27/19 22:01,12/6/19,$34 ,16,$544 
d155327e-9b92-4d36-98a3-4a798fbbf877,11/29/19 9:04,12/4/19,$127 ,12,"$1,524 "
605313f9-308f-4528-866b-426ff6af000b,11/29/19 13:34,12/5/19,$24 ,12,$288 
fc08babb-fdb9-48c2-aa6e-cd74a8c2ec6d,11/29/19 16:33,12/5/19,$33 ,12,$396 
83798e8d-8e72-418e-8f50-7c63c593544a,11/29/19 16:43,12/4/19,$108 ,8,$864 
f48b8219-61dc-4296-a26d-c77abe1d8e7e,11/29/19 19:36,12/11/19,$83 ,12,$996 
204b36ee-db8d-4ebf-9ebb-264aa53c8f9c,11/30/19 4:04,12/5/19,$24 ,12,$288 
c6f63218-077b-408d-a557-fe897090268b,11/30/19 18:57,12/7/19,$270 ,12,"$3,240 "
1dc75d55-5f96-406f-b535-77e1d00c3d9a,11/30/19 23:57,12/6/19,$24 ,12,$288 
1a97fe34-84a8-4131-b4eb-28fbe871057d,12/1/19 1:28,12/7/19,$213 ,12,"$2,556 "
180ac34f-64b9-43d5-abc2-491785aceb6e,12/1/19 2:01,12/5/19,$117 ,12,"$1,404 "
d7f9b92d-63ca-49aa-a99e-6127fe5569e7,12/1/19 5:33,12/6/19,$8 ,12,$96 
8f0634ad-10b0-4a8d-a54e-46681f290f20,12/1/19 6:24,12/7/19,$33 ,12,$396 
8488e889-448d-4b9e-94be-2c6785d18dfc,12/1/19 11:34,12/10/19,$59 ,24,"$1,416 "
cc424f38-0b67-471c-8e42-974191d6f43e,12/1/19 20:17,12/5/19,$129 ,24,"$3,096 "
9bd77a6b-d9d6-4963-9b37-bf1ac3948e29,12/1/19 22:25,12/5/19,$212 ,12,"$2,544 "
869da2f4-9034-472d-aa6a-11ac92b47ffa,12/1/19 22:39,12/5/19,$38 ,12,$456 
19487eed-f85d-4bfe-bb1b-275b6d7ed09d,12/2/19 2:59,12/7/19,$69 ,12,$828 
2837ee4e-fbdc-4fbd-96eb-777ecdcd7b03,12/2/19 3:38,12/7/19,$15 ,12,$180 
7d9f3d3a-17aa-40bc-b2a5-43536852721b,12/2/19 19:00,12/5/19,$29 ,12,$348 
434cc85b-85af-491d-b614-11e6be29ce34,12/2/19 21:00,12/6/19,$16 ,12,$192 
47bf7e4b-5991-4bed-b314-18fd510914a0,12/4/19 17:44,12/13/19,$86 ,24,"$2,064 "
c35ecb7a-2b7d-44d6-914f-0ca92e878b92,12/4/19 18:20,12/9/19,$39 ,6,$234 
66d9d6a1-4548-4b33-8eb0-2f9316600795,12/4/19 22:11,12/5/19,$32 ,12,$384 
c06af3cf-8859-4f81-92fa-e72e341a28b7,12/6/19 0:03,12/11/19,$298 ,24,"$7,152 "
1b729f08-5a1c-41f1-8bb2-99dde01a7822,12/6/19 1:53,12/11/19,$312 ,24,"$7,493 "
270c43f7-0e72-4b1f-ab3c-aa046bb751e7,12/6/19 3:07,12/11/19,$33 ,12,$396 
3779eb8d-8af1-47aa-acf4-58c93bbd251e,12/6/19 3:44,12/13/19,$41 ,12,$492 
89a85ef4-b743-4128-b5e9-ac48eca2c13b,12/6/19 8:30,1/7/20,$207 ,24,"$4,968 "
580f1909-c5a3-4cc8-8c04-cdabcb3a1b7e,12/6/19 19:16,12/12/19,$187 ,24,"$4,481 "
22785506-9a88-4f61-a3de-ace07fc775f7,12/7/19 15:33,12/12/19,$52 ,4,$208 
3f240e53-9d9d-4d76-8b2d-16225fdf0dbc,12/7/19 23:02,12/10/19,$138 ,6,$828 
189c5e7f-4b7e-4330-a9ed-b68fc88e1bd6,12/8/19 3:27,12/12/19,$33 ,18,$594 
c24d96d7-839c-43cd-99d8-dd315fda0f6d,12/8/19 4:54,12/13/19,$182 ,24,"$4,361 "
ac77c27f-d6a3-4b75-a477-c453974051d2,12/9/19 3:43,12/14/19,$126 ,12,"$1,512 "
d0f1941c-a402-4de0-8424-64aee6ce08a8,12/9/19 3:44,12/12/19,$100 ,12,"$1,200 "
167118b6-a767-4300-80f7-cad6ae635715,12/10/19 0:19,12/13/19,$276 ,24,"$6,634 "
11458317-d68e-4c67-9c10-9bd23147e3af,12/10/19 2:59,1/2/20,$74 ,12,$888 
d7b98ecf-07fd-4798-9118-b04ac17d9bb7,12/10/19 7:02,12/13/19,$123 ,12,"$1,476 "
cf2cfae0-6028-474f-95d7-b763feab8b66,12/10/19 16:24,12/18/19,$149 ,6,$894 
85b2288f-340c-435c-9541-63ad2ef70b65,12/10/19 16:39,12/18/19,$59 ,20,"$1,180 "
5173b70a-8033-45c7-8b8f-b95c47e053c0,12/10/19 19:37,12/14/19,$33 ,12,$396 
3d9450f4-d9e8-4bea-a00a-cf45d72d7453,12/10/19 20:47,12/18/19,$136 ,4,$544 
72f0a2b1-b8c4-42e7-9211-9322123a5c57,12/10/19 21:48,12/12/19,$166 ,24,"$3,984 "
9bc613f8-bb98-4006-9e48-1552d2ddd42b,12/11/19 1:55,12/19/19,$79 ,11,$869 
e69cd5b3-00c4-49dd-9ed8-2f17d77080c0,12/11/19 3:20,12/17/19,$206 ,24,"$4,932 "
c82cec5e-1c95-4564-83b0-a7330a782103,12/11/19 6:05,12/14/19,$12 ,12,$144 
b8c28502-0bbb-4743-9dc1-bcd4196ebd1d,12/11/19 15:02,12/21/19,$35 ,12,$420 
531a0394-c0c7-4d70-8ab9-134a552b5506,12/11/19 18:44,12/14/19,$33 ,12,$396 
21c94c52-7a1e-459e-a75d-3b7286af45fa,12/11/19 20:32,12/19/19,$489 ,5,"$2,445 "
ce8b7bcc-22bd-46fe-b42b-fcda7d523705,12/11/19 22:43,12/14/19,$66 ,12,$792 
11af68b6-dd5b-4daa-9f00-2f497cdbb3fd,12/12/19 23:53,12/20/19,$79 ,12,$948 
c2963dec-91e8-4991-8435-3522a642cb69,12/13/19 3:06,12/18/19,$146 ,12,"$1,752 "
d294e877-7a65-403e-9a63-cb2aa581262f,12/13/19 5:35,12/21/19,$49 ,12,$588 
3e8b72d2-e5a4-410f-89e6-7f3bc2e0959a,12/13/19 21:39,1/4/20,$156 ,12,"$1,872 "
b1344b8e-ce34-450b-960c-93325e22b8d5,12/13/19 23:03,12/20/19,$188 ,18,"$3,384 "
851f73d5-3834-4c31-a6fe-f4165f2b4a9b,12/14/19 23:34,12/19/19,$59 ,12,$708 
864a551b-435f-454d-8ef4-0383ad61324e,12/15/19 17:43,12/18/19,$35 ,12,$420 
5251b31c-a54a-4d69-b54f-2b59dfe04591,12/15/19 20:57,12/18/19,$33 ,14,$462 
b3106f97-55b7-4c86-9026-1db76fb4b421,12/16/19 15:51,12/19/19,$33 ,12,$396 
08a3d5d8-2881-4b9e-b689-0aa6dd9805f1,12/17/19 6:57,12/19/19,$230 ,6,"$1,380 "
e82d34df-5ffb-4306-b728-7fc41aee1e26,12/17/19 18:06,12/21/19,$459 ,6,"$2,754 "
5a8803c1-24e2-4cd0-accc-106c14656806,12/17/19 18:17,1/3/20,$182 ,12,"$2,184 "
b4829567-d225-4337-95cc-11977a0ed193,12/18/19 20:52,1/8/20,$262 ,15,"$3,930 "
7f14cdde-b58f-4955-9630-28cb45eb964b,12/18/19 22:14,12/21/19,$74 ,12,$888 
0af03746-9fbd-439f-b6e1-22e58ba87380,12/19/19 12:29,1/2/20,$228 ,12,"$2,736 "
3f0d4dd4-dd6b-4d65-85aa-d911ebe356c6,12/19/19 20:51,1/2/20,$117 ,12,"$1,404 "
5f38401c-c050-406f-9cd3-d991fb7b5838,12/20/19 19:03,1/2/20,$200 ,24,"$4,800 "
1b214b5c-1a37-4565-b535-3ca37c9cfe53,12/20/19 22:10,1/11/20,$168 ,24,"$4,032 "
0899ff4f-881f-45b0-be50-c8e513e90d04,12/22/19 21:23,1/8/20,$24 ,3,$72 
b40fe2e0-5149-458d-95ed-029bb607c69c,12/23/19 1:46,1/3/20,$144 ,24,"$3,456 "
4534b721-b8d5-44b5-974d-1e706f543290,12/23/19 15:53,1/12/20,$358 ,5,"$1,790 "
1e510de7-476f-4e97-8425-779844dffbe0,12/25/19 18:46,1/8/20,$49 ,12,$588 
51e4cc9a-a4bc-44c2-92e8-4e0cd8b7df00,12/26/19 0:04,1/3/20,$50 ,12,$600 
3600503c-0d2e-44f1-8542-3a6a6abed2e3,12/26/19 0:20,1/4/20,$56 ,12,$672 
8cc939f3-338e-4041-92cb-4b9707fb33bb,12/26/19 10:20,1/3/20,$132 ,12,"$1,584 "
ffb94619-15a4-416b-87ca-93ec079e56de,12/26/19 17:54,1/3/20,$72 ,12,$864 
717219fa-36d0-4ce0-b363-9967ad8170aa,12/26/19 20:08,1/4/20,$66 ,12,$792 
ede44be5-9045-4551-a889-acca8291f4f3,12/28/19 2:59,1/15/20,$459 ,12,"$5,508 "
d00da4e9-74b6-45ec-b46b-5b89d0983725,12/28/19 3:15,1/11/20,$72 ,12,$864 
67d2ee71-7b56-4e2d-abfe-2153ce622786,12/29/19 17:01,1/3/20,$74 ,16,"$1,184 "
747c7fe3-4d99-48bb-9d91-a13855c1b55b,12/29/19 20:41,1/7/20,$323 ,24,"$7,752 "
d08ddb89-7323-46fa-9d13-9dbc6062a3f2,12/30/19 1:55,1/3/20,$37 ,12,$444 
11c5f587-1ae2-40bd-8869-6038fad4a3ed,12/31/19 0:30,1/3/20,$32 ,12,$384 
5d403210-4e1b-45b9-a2de-8c77bf6bad6c,12/31/19 4:19,1/4/20,$195 ,3,$585 
9bf43c95-6bff-4987-a9c2-91f5b777d267,12/31/19 7:36,1/11/20,$35 ,12,$420 
9b22f7cd-cdaa-482e-8c30-1c1f07b0f1c3,12/31/19 8:03,1/4/20,$59 ,12,$708 
ff648c74-7c05-4de3-862b-56ee9a572105,1/1/20 1:47,1/4/20,$62 ,12,$744 
fceaaf2e-3974-49af-bca5-7b968dc02bb5,1/1/20 22:46,1/8/20,$33 ,12,$396 
4981bc32-ec6a-48d7-99cd-5b3037f89205,1/2/20 1:03,1/15/20,$318 ,6,"$1,908 "
94eb807b-8e38-449b-ac93-667e0ec7d02d,1/2/20 9:29,1/8/20,$59 ,15,$885 
035a8cbb-fb59-4ba1-a436-2734fdf332ab,1/2/20 22:26,1/7/20,$321 ,12,"$3,852 "
33e283c9-7dbc-44aa-8da4-d8d91808cbda,1/3/20 0:14,1/24/20,"$1,842 ",12,"$22,104 "
78e23ed9-3681-406b-a41c-73413e4148cc,1/3/20 2:18,1/9/20,$122 ,12,"$1,464 "
8da7960f-da28-4591-ab73-be1714027978,1/3/20 2:58,1/9/20,$33 ,12,$396 
82ccea03-22f5-4da0-bfee-325d581958a3,1/3/20 21:01,1/9/20,$58 ,24,"$1,392 "
8182f686-590e-4231-bfda-f18859de97b9,1/4/20 18:03,1/8/20,$228 ,12,"$2,736 "
1d637936-7a1c-4cf9-98c8-d0596ea04c28,1/5/20 0:24,1/11/20,$328 ,4,"$1,312 "
c000c52f-0aa2-49e4-bf1c-0b37b8d79b6c,1/5/20 2:19,1/10/20,$61 ,12,$732 
d8c97935-dad2-4bd4-8db3-4e541575f2aa,1/5/20 4:45,1/9/20,$219 ,6,"$1,314 "
49fb778a-f264-4a32-b006-b0f5d9646830,1/5/20 17:06,1/9/20,$101 ,12,"$1,212 "
26edd345-b306-4118-bd07-8caeefd4c838,1/5/20 18:01,1/15/20,$35 ,12,$420 
6991e9bd-ebdf-433d-a7ca-52aaa044db0f,1/5/20 19:18,1/11/20,$74 ,12,$888 
b9255911-f9bc-43aa-8d02-d5ae8ee53d9a,1/5/20 20:45,1/10/20,$49 ,12,$588 
ec32d8a9-dd94-43a8-b079-b68b3b9f0c9e,1/6/20 0:53,1/8/20,$46 ,12,$552 
243e732a-30cd-473a-9282-30110e291547,1/6/20 2:19,1/10/20,$47 ,12,$564 
ff4665e7-1cc6-4857-bce6-f65d6dfd4405,1/6/20 16:00,1/9/20,$69 ,24,"$1,656 "
1d86637a-5613-4b3f-9de8-417ea6829a96,1/6/20 19:04,1/16/20,$33 ,14,$462 
d2a91874-263e-4226-97e8-d732ac131f07,1/7/20 5:36,1/9/20,$106 ,12,"$1,272 "
fb2a2dfa-0843-4e8f-8dbd-d94ab195644e,1/7/20 13:18,1/10/20,$104 ,12,"$1,248 "
d5be1649-02c9-4fad-b187-cd2ff22887bb,1/7/20 21:54,1/14/20,$33 ,10,$330 
54202c1c-e7ce-4d37-b46c-ec5b9330a878,1/7/20 22:24,1/14/20,$393 ,24,"$9,442 "
11e749a0-cdd4-4977-b7fa-303f9fefd860,1/7/20 22:27,1/10/20,$130 ,12,"$1,560 "
e1b3b3e7-7aeb-432e-bbbc-adda1dcd4056,1/8/20 19:46,1/15/20,$83 ,11,$913 
35983535-694d-45d6-83dd-c6f8016905e8,1/9/20 5:42,1/31/20,$144 ,12,"$1,728 "
8a41666d-66cd-41fc-81ef-21c814e4add3,1/9/20 19:14,1/16/20,$34 ,24,$816 
df134aff-414f-4f1b-8f45-5ac9798246b4,1/9/20 22:45,1/21/20,$290 ,12,"$3,480 "
6c9ee6e5-ea41-4e7a-a1dd-2f2ef8ef218f,1/9/20 23:04,1/15/20,"$1,234 ",3,"$3,702 "
cc87ade8-c662-4014-92cd-3ef29a970b00,1/10/20 17:03,1/16/20,$335 ,9,"$3,015 "
3ad6aedd-93fc-4d84-8a96-b03dc6c307ad,1/10/20 17:10,1/17/20,$588 ,9,"$5,292 "
2ea3258e-fa72-41f5-8d2d-2cb5675294c6,1/11/20 21:02,1/15/20,$203 ,12,"$2,436 "
ba7b07aa-da66-46cd-8b43-a7e3eb09b520,1/11/20 23:38,2/8/20,$58 ,24,"$1,392 "
a4d97b97-1222-4612-9f0f-00f6f0fdb961,1/12/20 2:32,1/15/20,$290 ,5,"$1,450 "
3d8d30a3-43a9-4ad7-8e75-a28f3c7e401d,1/12/20 22:05,1/25/20,$59 ,12,$708 
0e66261a-71c8-4b24-9444-11a2a07dbfdf,1/12/20 23:53,1/18/20,$170 ,24,"$4,080 "
e7c55a1e-915a-4f1f-b49c-ffbe85f84501,1/13/20 16:16,1/17/20,$190 ,4,$760 
e40279df-b5f5-4482-9025-8b6aadc11476,1/13/20 19:01,1/21/20,$58 ,12,$696 
b62d1a17-e9aa-46ec-b018-30f84c07bb30,1/14/20 4:35,1/18/20,$284 ,3,$852 
a09b93aa-1f1b-4337-a22a-7664bb8a8a35,1/15/20 7:44,1/18/20,$83 ,12,$996 
8c522104-d78d-46fe-bc56-a2c5926eb9d1,1/17/20 1:09,1/22/20,$335 ,24,"$8,040 "
0244da2e-148d-483d-88d6-e815d3e464ed,1/17/20 19:10,1/22/20,$109 ,12,"$1,308 "
9cfc12ab-1ba2-466a-a17d-2f2ee33beaec,1/17/20 19:49,1/23/20,$33 ,12,$396 
f1b3a0da-dea0-4be7-a747-54554d230665,1/17/20 22:17,1/21/20,$509 ,6,"$3,054 "
8dbb5dfc-e119-4bd8-9cb8-8bae5c2fdd41,1/17/20 23:18,1/24/20,$308 ,12,"$3,696 "
f6b3d75c-97ae-4593-9fdd-695be244dd3e,1/19/20 19:10,1/29/20,$274 ,12,"$3,288 "
6b661c36-6260-4580-aa0d-c67573cb419a,1/20/20 7:14,2/26/20,$49 ,12,$588 
a092e5a6-c257-4d4b-8841-08a970a9f385,1/20/20 8:30,2/4/20,"$1,477 ",3,"$4,431 "
0d29ca85-848f-48d7-885a-7ecc16809cfc,1/21/20 17:49,1/25/20,$55 ,12,$660 
281875de-776a-428e-8bbd-9560b13938c0,1/21/20 21:10,1/24/20,$53 ,12,$636 
889e71d0-3b93-4b26-bdc0-a6b10569b46c,1/22/20 4:29,1/25/20,$41 ,8,$328 
e942ce33-f456-48cb-aac8-3d2a12a3e337,1/22/20 9:03,1/28/20,$226 ,12,"$2,712 "
e9530fb9-24c3-4e51-988e-4225c6ed5615,1/22/20 19:05,1/25/20,$69 ,12,$828 
c7b5c93a-50d9-4a4d-9402-e55a1090fbf6,1/22/20 22:21,1/28/20,"$1,399 ",6,"$8,394 "
92ebd7c0-6694-487e-81e5-9bca5b9851f6,1/23/20 3:38,1/25/20,$83 ,12,$996 
19a34e3f-63cc-4aa7-a2db-4cdef05ffd2c,1/23/20 17:28,1/30/20,$214 ,6,"$1,284 "
440d3f09-074c-4b0a-ba0f-b0aa8207f3bb,1/23/20 18:48,2/15/20,$35 ,9,$315 
a854c557-fc9a-4489-8afb-ebd63bd86f73,1/23/20 23:51,1/29/20,$113 ,11,"$1,243 "
3f9c92da-c6a1-40a1-a26d-d1028e9c0779,1/24/20 6:51,1/29/20,$33 ,12,$396 
cb3e52a0-a628-4737-bf95-3050e91dcb70,1/24/20 19:08,1/29/20,$92 ,24,"$2,208 "
04a4b526-6e3d-4b43-875d-2ad4bb4bf7b6,1/24/20 19:40,1/29/20,$95 ,12,"$1,140 "
9e75b62a-884d-4522-a166-e6589e4be579,1/25/20 0:44,1/30/20,$35 ,12,$420 
764307f0-2155-49da-9ab2-c2163881a11d,1/25/20 23:54,1/29/20,$210 ,5,"$1,050 "
d7f6552d-8b3c-4220-ae5b-7c8cc3fe3d48,1/26/20 18:38,2/5/20,$70 ,4,$280 
3939a691-85ab-4d97-a530-d1ac8a17af17,1/26/20 23:41,1/30/20,$491 ,6,"$2,946 "
1b8ff2ed-70a5-4ad9-b9c1-92540d77ac35,1/27/20 19:02,1/31/20,$77 ,24,"$1,848 "
6669d967-008c-4bb3-9ac8-2bbf9da4200a,1/27/20 21:16,1/31/20,$50 ,12,$600 
40fada5c-8dec-4374-8730-efc8022e6a58,1/29/20 8:29,1/31/20,$111 ,12,"$1,332 "
85c2eba2-8109-4922-b97a-fb93e4608569,1/29/20 10:29,2/1/20,$63 ,12,$756 
e118ec48-0852-413b-811b-c49ca9ccdf5c,1/29/20 14:22,2/7/20,$261 ,24,"$6,264 "
bba94656-029c-4b64-8988-e2bc11e6483f,1/29/20 16:05,2/1/20,$78 ,12,$936 
c7ad2abd-969a-46c1-a0d4-14e3d4109cd1,1/29/20 18:39,2/1/20,$38 ,16,$608 
1d50ff45-1161-4709-919d-aaebb5feb102,1/30/20 3:37,2/1/20,$106 ,12,"$1,272 "
391b6568-0458-4a3f-b80b-7193ff1628c1,1/31/20 0:15,2/5/20,$373 ,24,"$8,947 "
4262e52d-460b-4b12-8dfd-365ea9d70134,1/31/20 21:54,2/14/20,$56 ,12,$672 
4cad7876-d788-412e-931d-654a29bf7041,1/31/20 22:49,2/8/20,$140 ,12,"$1,680 "
8b87cca4-877e-49b3-8d6b-af1892179af9,1/31/20 23:53,2/5/20,$323 ,24,"$7,752 "
0c0c8c64-fb76-4d86-93f3-07dc07de8b6d,2/1/20 0:48,2/5/20,$59 ,6,$354 
74f107e8-b3f1-4ead-ad6e-6ad5975f3447,2/1/20 2:35,2/22/20,$12 ,6,$72 
c46a1e9a-574a-4a96-9df8-55582e2aef80,2/1/20 4:05,2/22/20,$30 ,12,$360 
937e1811-f844-4a18-b5f9-564ec956592a,2/1/20 4:51,2/11/20,$30 ,3,$90 
deb31e84-5161-401d-9123-2b00e03178b4,2/1/20 17:09,2/7/20,$73 ,3,$219 
c8d81f4d-f521-4c19-9a5a-c4ba6774eed7,2/1/20 23:48,2/8/20,$31 ,12,$372 
f3775282-a7c1-4d64-8e1c-78111982c067,2/2/20 7:45,2/7/20,$33 ,12,$396 
d3e6a911-b85c-4213-bba6-14d62e5d2179,2/3/20 1:20,2/23/20,$984 ,6,"$5,904 "
95c65663-ee16-414d-808f-a881cf020b6b,2/3/20 23:42,2/7/20,$0 ,12,$0 
9ed83927-0b4b-4a0d-91cc-2e5e272eb964,2/4/20 6:03,2/8/20,$33 ,12,$396 
e717b583-7197-4589-9dbe-2457654f07e7,2/4/20 6:07,2/12/20,$96 ,12,"$1,152 "
27327403-3a83-498d-8154-2c1a502f51ae,2/4/20 6:28,2/8/20,$58 ,7,$406 
e7e7b4a2-7658-407c-a658-9614a4ee0011,2/4/20 16:34,2/7/20,$30 ,12,$360 
ecb36e43-d5a4-40b0-94f8-ea198d2281d7,2/5/20 2:01,2/8/20,$294 ,24,"$7,056 "
58de6946-af2d-4016-81eb-8b9aafb03702,2/5/20 3:20,2/12/20,$32 ,12,$384 
e47a4dff-501d-4320-9162-28a5fa6da6e0,2/5/20 17:59,2/8/20,$133 ,12,"$1,596 "
30e356ea-36d9-469a-8495-c6cdcc263c8a,2/5/20 22:03,2/8/20,$30 ,12,$360 
dd3f19b8-6cc4-4ada-a26a-40894d87e767,2/5/20 22:18,2/7/20,$39 ,12,$468 
d818697e-1fcc-4669-a6ac-7aa300ca008d,2/6/20 3:37,2/11/20,$16 ,24,$384 
ccb008fa-c17a-4ebe-8ef6-b468f74a1407,2/6/20 17:14,2/18/20,"$1,278 ",4,"$5,112 "
51f20e2d-82df-4185-a542-b4d43191cad2,2/7/20 15:39,2/12/20,$33 ,12,$396 
6ebbe0de-c09d-450e-81e9-136f801bb6ec,2/7/20 20:21,2/12/20,$551 ,4,"$2,204 "
9684b920-b169-46bd-a99d-0bf32bbe76a2,2/7/20 21:51,2/12/20,$256 ,24,"$6,154 "
f1cdd560-b3d4-4af2-b577-363ac9dfebac,2/7/20 21:54,2/26/20,$77 ,24,"$1,848 "
ff84c660-5146-406e-af85-96f69a758b82,2/7/20 22:28,2/12/20,$210 ,24,"$5,050 "
fb73220a-37dc-468b-85e9-f1cfab1cce28,2/8/20 2:07,2/12/20,$69 ,12,$828 
09618a93-a868-431e-9ff8-ea30de8bb1b1,2/8/20 2:42,2/20/20,$102 ,6,$612 
8f3c9717-59db-441a-aa93-36d3b692d70d,2/8/20 8:58,2/15/20,$88 ,11,$968 
be4bd919-9560-48ba-8938-1f698b5f43e5,2/8/20 18:14,2/20/20,$81 ,10,$810 
a982b712-d9d8-4a8f-ba54-6c98d627b45b,2/9/20 1:58,2/19/20,$45 ,12,$540 
78c1a9f2-5a07-42fa-ad16-963fe5efc69a,2/9/20 22:31,2/22/20,$104 ,12,"$1,248 "
e8e22bb7-6bc6-4c67-852a-5dd86cf859bd,2/10/20 0:15,2/13/20,$86 ,12,"$1,032 "
4c75f526-bb41-483d-8bcc-e2730aa89b49,2/10/20 16:57,2/13/20,$278 ,24,"$6,667 "
f3f56272-b342-471f-a584-6736dc9a1e90,2/10/20 18:46,4/17/20,$59 ,13,$767 
a4e04e55-52d7-4424-bbd9-8479cd925ba7,2/11/20 14:32,2/14/20,$84 ,3,$252 
5fc07e77-c678-4b52-b6a8-39a363e9bac3,2/11/20 15:50,2/16/20,$38 ,12,$456 
75e8484e-5222-47cf-b52f-b00b07c15288,2/11/20 17:58,2/19/20,$489 ,12,"$5,868 "
698d8cd6-450b-4448-834f-a244a23d4663,2/11/20 18:14,2/19/20,$478 ,12,"$5,736 "
f9b8c2ff-14da-4a89-b14f-4cdffa700fc8,2/11/20 19:15,2/15/20,$60 ,12,$720 
5788d802-26cd-49bf-83d3-0fecaeeb5708,2/12/20 0:25,2/26/20,$111 ,12,"$1,332 "
5ec422be-528e-4456-83f5-01b03ea359b3,2/12/20 5:52,2/15/20,$59 ,12,$708 
30671af2-b370-4e33-be47-0c6762d61636,2/14/20 7:01,2/19/20,$37 ,12,$444 
05f7cb5d-f483-49e8-8ea0-36c914cc9192,2/14/20 21:45,2/28/20,"$2,203 ",3,"$6,609 "
24bd7d06-8a8c-4f91-8452-f196ba8c9cd5,2/18/20 2:06,2/22/20,$325 ,24,"$7,795 "
9cca2368-1869-4c0f-b3b7-77f122ae9eb2,2/18/20 5:42,2/21/20,$64 ,12,$768 
c75414e4-e2c0-4d08-b75b-4b9c3ab320ed,2/18/20 21:53,2/21/20,$84 ,12,"$1,008 "
21866b02-d72f-461b-a52f-092407b70cd1,2/18/20 22:13,2/27/20,$315 ,3,$945 
a8f69cf2-fd57-4aca-94f5-fb72ac652eeb,2/18/20 23:31,2/21/20,$367 ,24,"$8,803 "
efc3f9d7-ea4c-4ebf-84a9-c33fa79ebc96,2/19/20 0:15,2/21/20,$218 ,24,"$5,242 "
204cd81c-10b8-4bf5-bc06-956394dbaf10,2/19/20 23:58,2/25/20,$202 ,24,"$4,858 "
c9402b99-9dd5-4552-80c1-64845e74c464,2/20/20 20:01,2/26/20,$207 ,6,"$1,242 "
fcb6c2b3-5114-4dcb-a278-f61726649309,2/20/20 23:51,3/8/20,$59 ,12,$708 
271cc43e-dd2a-4300-9f7e-26e33b91740f,2/21/20 3:34,2/28/20,$58 ,12,$696 
b4dd8a7c-cf63-4144-a658-6f11e9a2a05d,2/21/20 22:41,2/26/20,$100 ,12,"$1,200 "
889cd1dd-462a-4978-a5e2-7c1141df3536,2/22/20 7:27,3/4/20,$76 ,12,$912 
abe2a8f9-2083-42e8-9120-b2b600f1f533,2/24/20 6:36,3/4/20,$413 ,12,"$4,956 "
8f12720f-8878-4f1b-8161-db2066fe23db,2/24/20 20:18,2/27/20,$236 ,24,"$5,674 "
af3e4473-9658-4851-ac2c-8f7c75995513,2/24/20 22:01,2/27/20,$233 ,24,"$5,602 "
a7e2d9d3-13d8-4d15-824c-2141c2fa2869,2/25/20 18:36,2/28/20,$207 ,12,"$2,484 "
76c47e94-d435-4f26-91ee-404750cd6b34,2/25/20 20:29,2/27/20,$94 ,24,"$2,256 "
be7b26a4-ebae-4c8d-8dc6-0346404027c5,2/25/20 21:55,3/3/20,$61 ,12,$732 
3a235455-858a-4f80-bac7-6d1b19e905fd,2/26/20 4:03,2/29/20,$135 ,12,"$1,620 "
098359ee-3018-4c1b-a077-802b0950068e,2/26/20 4:07,3/6/20,$402 ,14,"$5,628 "
b831f198-0bff-45d9-b18b-0821aaac905d,2/26/20 5:27,3/4/20,$47 ,12,$564 
a23c189b-8568-469c-a368-2fc7c40d7e9d,2/26/20 17:15,3/8/20,$26 ,12,$312 
039915b5-b26b-4343-ab89-d05af66997a4,2/26/20 19:22,3/4/20,$410 ,24,"$9,835 "
4668cbf1-6989-48c6-85e3-85415e9fda2c,2/26/20 20:18,2/29/20,$74 ,12,$888 
c9c0d1d1-485a-4e8d-b1d9-bdce750d255a,2/26/20 21:35,3/4/20,$267 ,24,"$6,418 "
fc2db598-96ee-403c-ba96-864a4659e14d,2/26/20 22:21,3/3/20,$267 ,24,"$6,418 "
352085fc-a37a-4f9c-b9ae-cc47fcd03457,2/26/20 22:40,3/2/20,$238 ,24,"$5,722 "
fc5b2123-924a-41b0-a5b0-f5c0f83a368c,2/27/20 0:20,3/4/20,$245 ,24,"$5,890 "
841b6485-8a5b-4e76-8d70-473ead612e08,2/27/20 0:56,3/2/20,$47 ,9,$423 
704a3375-f5dd-4443-8fe0-348af6825942,2/27/20 2:22,3/4/20,$388 ,24,"$9,307 "
3a6f9b24-2427-4a64-aafb-f35eba7d934d,2/27/20 3:36,3/4/20,$49 ,12,$588 
261f7758-a6a1-4f3d-9de2-0553c35f5b62,2/27/20 18:50,3/3/20,$247 ,5,"$1,235 "
5a7e2bf8-ba98-446d-9154-91ca127a92fa,2/27/20 18:57,3/3/20,$221 ,3,$663 
21f2f68a-2278-471b-85ac-553e778f76e9,2/28/20 21:45,3/4/20,$134 ,24,"$3,216 "
2229e338-a55d-49bb-b50a-3098213e345f,2/29/20 1:45,3/7/20,$183 ,12,"$2,196 "
e5a1e181-03b4-4165-8da6-202bd8498547,2/29/20 3:03,3/6/20,$36 ,12,$432 
e79180ad-2f4a-4ae6-bce1-ce8ca6db3804,2/29/20 20:54,3/5/20,$109 ,12,"$1,308 "
7373e116-3ce7-4432-b084-58062d2a99fa,2/29/20 21:30,3/5/20,$217 ,12,"$2,604 "
efdba191-7f51-4479-acf1-858c62ef9407,2/29/20 21:40,3/3/20,$28 ,9,$252 
548f6835-804d-448b-b868-b8e3bf48c1f9,2/29/20 22:39,3/5/20,$105 ,12,"$1,260 "